ticker,name,sector,market_cap,price,pe_trailing,pe_forward,pb,ps,ev_ebitda,peg,fcf_yield,roe,roa,gross_margin,operating_margin,profit_margin,debt_to_equity,current_ratio,revenue_growth,earnings_growth,dividend_yield,held_by_insiders,short_ratio,valuation_score,quality_score,growth_score,composite_score
TXG.TO,TOREX GOLD RESOURCES INC,Basic Materials,5703465984,61.1,7.1461983,5.688409,1.7325437,3.4052577,5.869,,0.07132505061680053,0.27278998,0.18469,0.63668996,0.55572,0.34145,4.014,1.372,2.172,3.8,1.05,0.0051700003,2.46,0.7727402958514069,0.83102500259363,0.9582835745369902,0.8209714350140225
APM.TO,ANDEAN PRECIOUS METALS CORP,Basic Materials,1153697536,7.66,5.591241,3.9492786,2.6605268,2.5027661,5.674,,0.13286173474153976,0.63295,0.24802999,0.48605,0.39858,0.32930002,14.022,3.09,1.632,2.273,,0.56886,4.07,0.7539124680235791,0.8166562921464883,0.9370610262119219,0.8033450901948487
FVI.TO,FORTUNA MINING CORP,Basic Materials,4001883904,13.14,8.878379,5.777099,1.6492934,3.6563814,5.301,0.11,0.0922840644204755,0.21956,0.1446,0.54673,0.53027,0.31062,11.379,3.173,0.756,0.816,,0.0050700004,11.0,0.806029686746061,0.7755069105831632,0.7726343487501266,0.7903374143896567
LBS.TO,LIFE & BANC SPLIT CORP.,Financial Services,1287554176,12.1,2.2659175,,1.0661733,4.1414266,,,0.13421500331493624,0.47834,0.17743999,1.0,0.98332,0.86953,76.546,2.263,0.145,0.162,9.92,0.0,0.04,0.747599451303155,0.9642021417620547,0.49544580508045744,0.7855873460303652
BTO.TO,B2GOLD CORP.,Basic Materials,8993819648,6.75,12.98077,4.2228513,1.7830498,2.4388127,4.561,0.89,0.07994062013016696,0.16541,0.16900998,0.65495,0.44984,0.14758,14.0,1.192,1.177,2.503,1.61,0.00415,6.91,0.7698581239273249,0.724579543751657,0.9315656310090072,0.7782667469280935
OGC.TO,OCEANAGOLD CORPORATION,Basic Materials,9637550080,43.07,9.571111,7.1012373,2.947001,4.2875476,7.316,0.09,0.07958194454331696,0.34647998,0.21759,0.62292,0.50161,0.33695,2.201,1.449,0.985,1.405,0.77,0.00318,6.1,0.7077733100686316,0.8396012726078087,0.868626657220929,0.7780410990301883
MSA.TO,MINEROS SA,Basic Materials,1526227456,5.16,5.797753,3.4732342,2.171362,1.6394758,4.335,,-0.021465099367207294,0.39402,0.2591,0.4314,0.44604,0.20910999,6.225,1.825,0.817,1.307,2.69,0.09392,0.05,0.8226691135580024,0.6257680026743208,0.8484971156765511,0.7576279250664961
WDO.TO,WESDOME GOLD MINES LTD.,Basic Materials,4024699136,27.14,10.126865,6.2247705,4.355641,3.920798,5.266,,0.07973285086818474,0.49008998,0.36105,0.73156,0.59212,0.39543,0.313,6.031,0.598,0.902,,0.0017299999,8.7,0.6581529307084864,0.8948167744464041,0.7672502783119117,0.7573498781572714
LULU.NE,LULULEMON CDR (CAD HEDGED),Consumer Cyclical,19474585600,5.2,8.0,,0.09883173,1.7586981,0.616,,0.04544102607246236,0.41017,0.20285,0.58413,0.16988,0.15720001,39.156,2.13,0.071,-0.097,,,0.0,0.9077549771994217,0.6908537077382393,0.312766926424451,0.7425913252717622
ALK.TO,ALKANE RESOURCES LIMITED,Basic Materials,2021983104,1.48,18.5,6.840721,2.076305,2.6746445,4.638,,0.088978428971086,0.24488,0.154,0.35612,0.42962003,0.22453,2.103,2.268,3.341,4.114,,0.21917,2.23,0.6997530864197532,0.7010783737363258,0.9690213541139561,0.740607177134684
DPM.TO,DPM METALS INC,Basic Materials,9896047616,44.77,12.791429,7.5565643,2.6787975,8.861884,12.994,0.01,0.04234042683086459,0.25493,0.16604,0.69394994,0.59279996,0.44921002,,4.342,1.153,2.947,0.49,0.03279,3.03,0.6134416406102566,0.8212498991366094,0.934733326586378,0.7343682839908984
DFN.TO,DIVIDEND 15 SPLIT CORP,Financial Services,1182520576,7.94,4.1789474,,1.0826288,3.280055,,,0.13715552633225386,0.26527,0.090900004,1.0,0.96262,0.71425,131.302,1.747,-0.061,-0.237,15.11,0.0,0.45,0.7750342935528121,0.9053930214060933,0.13344803157575144,0.7244219090049013
MU.NE,MICRON CDR (CAD HEDGED),Technology,223959465984,32.155,13.018218,,0.446812,5.2930484,3.106,,0.0019836178035526207,0.22554001,0.10934,0.45308998,0.44974998,0.28146,21.244,2.46,0.567,1.754,0.17,,0.91,0.7496246246246246,0.611425228527625,0.8390749924096752,0.7146723911584323
RCI-B.TO,"ROGERS COMMUNICATIONS INC., CL.",Communication Services,26244145152,48.58,3.7254603,9.617974,1.4784381,1.181211,8.01,0.86,0.25748123769560227,0.40674,0.03892,0.44693002,0.20887,0.3174,184.2,0.553,0.102,0.595,4.12,0.106400006,3.53,0.7901166789178484,0.6459954352111215,0.5629237931383463,0.7055953107535687
K.TO,KINROSS GOLD CORP.,Basic Materials,46606090240,39.03,12.121118,8.022884,3.746045,5.85408,9.133,1.12,0.0610759746063608,0.35467,0.20349,0.68721,0.55086,0.35988,8.204,2.842,0.608,1.339,0.51,0.00148,3.34,0.5686958219706758,0.8492034673951885,0.8181054549134703,0.7042849428106743
IMG.TO,IAMGOLD CORP,Basic Materials,13490520064,23.34,9.9743595,6.801253,2.2707646,3.9610431,7.48,12.65,0.07202372476305448,0.27965,0.169,0.48027,0.52849,0.29490998,14.706,1.893,1.159,8.229,,0.0012899999,3.2,0.5807532999443331,0.7698816151975194,0.9587592348952535,0.7036491005255863
ADBE.NE,ADOBE CDR (CAD HEDGED),Technology,142474952704,9.53,14.22388,,0.248126,5.99415,0.611,,0.0,0.55426,0.18221001,0.89268,0.36503,0.29997,57.197,0.996,0.105,0.172,,,0.86,0.7442720498276054,0.7376226210648867,0.4721333873089768,0.7011239503828596
AVGO.NE,BROADCOM CDR (CAD HEDGED),Technology,2783804653568,16.29,14.043104,,0.19962204,43.573883,0.994,,0.008996366057474961,0.31048,0.09788,0.77325994,0.31765,0.36198002,166.032,1.705,0.164,1.881,0.72,0.0,4.22,0.6758842175508842,0.7063347972934029,0.7319198461694161,0.6949472647535455
ORE.TO,OREZONE GOLD CORPORATION,Basic Materials,1574044160,2.36,15.733332,2.4140751,2.5426266,3.2803042,6.291,,0.002924632050983881,0.2457,0.14022,0.54895,0.4668,0.1844,19.589,0.785,1.248,1.0,,0.16995001,3.27,0.6903469024580136,0.6316613064979079,0.8491296427487096,0.6936243549155809
OLA.TO,ORLA MINING LTD,Basic Materials,6359332864,18.38,18.565655,8.147226,6.848336,4.906548,7.765,,0.08618980067906695,0.41968,0.20021,0.68664,0.52828,0.19453,42.474,1.055,1.693,,0.45,0.109110005,3.3,0.5199873206539873,0.8225409505365932,0.970954356846473,0.6935261465417721
CG.TO,CENTERRA GOLD INC.,Basic Materials,4666983936,23.5,5.529412,8.063221,1.6599767,2.9730613,5.277,2.81,0.0003548865868648235,0.3369,0.15362,0.43845,0.22443001,0.40322,2.085,2.406,0.618,1.903,1.19,0.00145,5.26,0.6813800022523221,0.6328226763956611,0.8567655095638094,0.6906927642992138
ABX.TO,BARRICK MINING CORPORATION,Basic Materials,93526876160,55.82,11.254032,8.791486,2.486896,4.911094,8.568,2.04,0.05637015951415692,0.25176,0.11991,0.55109,0.56248003,0.32141,12.852,3.064,0.667,2.542,1.71,0.00477,4.47,0.5772473894111321,0.7639335569618794,0.8842121242789192,0.6886322582840616
AD-UN.TO,ALARIS EQUITY PARTNERS INCOME T,Financial Services,1036562496,22.75,11.04369,10.4838705,0.89864117,5.833807,8.697,,0.09063611732292502,0.09594,0.06969,1.0,0.6652,0.60925,23.073,0.434,0.027,0.62,6.24,0.023740001,6.18,0.6804607941274607,0.7707720948461688,0.4522922781095031,0.6778444719763149
META.NE,META CDR (CAD HEDGED),Communication Services,2154399006720,32.8,23.597122,,0.50317556,13.790184,0.919,,0.018141196926888266,0.36134,0.17188999,0.81501,0.42765,0.35549998,29.811,2.732,0.189,0.374,0.3,,,0.6224835947058169,0.7805299074362256,0.6097459771278211,0.6758891615247606
CGG.TO,CHINA GOLD INT RESOURCES CORP.,Basic Materials,11024266240,27.81,13.056337,8.813184,3.406343,7.397684,11.516,,0.0712922404892863,0.29233,0.14324,0.57649,0.60026,0.41329,23.067,2.034,0.66,1.752,1.72,0.40018,1.81,0.5218699810922033,0.8170049912969303,0.8532334783928752,0.6748717592589586
EDV.TO,ENDEAVOUR MINING PLC,Basic Materials,20027846656,82.98,17.396227,7.491807,4.4163837,4.4103513,7.413,,0.07740597232581488,0.31136,0.19808,0.64456004,0.54033,0.18936001,20.108,1.607,0.295,1.057,2.42,0.10192,1.68,0.5641214547881215,0.7996190245645584,0.7449043619066896,0.6736630402776596
OTEX.TO,OPEN TEXT CORPORATION,Technology,7554079232,31.13,11.039007,5.0424786,1.3687032,1.4505006,8.107,1.02,0.11073975666767272,0.1276,0.051939998,0.76489997,0.21435,0.09912,161.833,0.94,0.022,0.99,4.82,0.02145,9.92,0.7797907040986963,0.5880595036368456,0.49069932193097865,0.6693210766118909
BRK.NE,BERKSHIRE HATHAWAY CDR (CAD HED,Financial Services,1463104569344,35.18,8.997442,,8.042144e-05,3.9554803,-1.323,,0.06581364833217201,0.18441999,0.07893,0.36995998,0.36023,0.28893,19.707,2.453,-0.002,,,0.0,,0.8369619619619619,0.6395834053786124,0.17012448132780084,0.6678538450626654
ARIS.TO,ARIS MINING CORPORATION,Basic Materials,5157936128,24.99,20.999998,4.82834,2.3971765,4.5141506,9.67,,0.03881227743656154,0.1287,0.12634,0.58757997,0.47904,0.15192,34.633,1.783,1.365,46.005,,0.02101,5.36,0.5895632298965632,0.6456841996057682,0.9768140876429512,0.6672931979567431
PEY.TO,PEYTO EXPLORATION AND DVLPMNT C,Energy,5488148992,26.79,11.597404,12.232877,1.8385836,4.6473303,5.999,2.38,0.046291926908386676,0.17051001,0.078260005,0.77796,0.59388,0.4027,36.616,1.373,0.37,0.439,5.38,0.023120001,4.82,0.5916081662280493,0.7656107710573942,0.6858921161825726,0.6666516704114984
SSRM.TO,SSR MINING INC,Basic Materials,8965689344,43.21,12.069833,6.1862564,1.7983911,4.7317414,10.894,0.02,-0.17016764840519552,0.12415,0.07817,0.54567003,0.52481997,0.12166,1.545,5.327,0.837,,,0.0064600003,2.63,0.7074002797004747,0.49411534160989506,0.8962655601659751,0.6610803434385968
LNR.TO,LINAMAR CORP,Consumer Cyclical,5680369152,95.93,9.13619,7.2289577,0.938714,0.53391373,,0.56,0.1265227404713573,0.105059996,0.05455,0.14737001,0.091280006,0.05904,,1.501,0.055,1.276,1.21,0.35933,3.39,0.8839005538537702,0.3792521123675807,0.5690314745471107,0.660043237437605
ERO.TO,ERO COPPER CORP,Basic Materials,3917723136,37.57,9.7838545,5.889361,2.5937073,4.2402997,9.931,,0.011952446452816415,0.32481,0.10572,0.42755002,0.34743,0.31633,54.789,1.296,1.104,0.351,,0.023440002,,0.6490741852964075,0.6372059111710529,0.7455824309280437,0.6593965261972787
BCE.TO,BCE INC.,Communication Services,30512246784,32.72,4.8330874,12.097907,1.5172734,1.2350136,8.736,0.22,0.0878786473831897,0.31489,0.04425,0.44957,0.21271,0.26075,181.626,0.737,0.04,-0.029,5.35,0.00031,4.16,0.7960342004494051,0.6117018823990502,0.2912053435887056,0.6557935606026759
BRK.TO,BERKSHIRE HATHAWAY CDR (CAD HED,Financial Services,1375691735040,35.18,13.850394,,0.0010117232,3.664661,-2.256,0.01,0.04450724499425717,0.10499,0.053940002,0.2778,0.14352,0.19305,17.669,2.876,0.044,1.196,,0.0,1.78,0.8468156544179936,0.429920116194626,0.5409675134095739,0.6550249948885519
CAS.TO,CASCADES INC,Consumer Cyclical,1057678528,10.44,10.44,7.9014287,0.60183316,0.2228099,5.545,,0.2986493529345809,0.07022,0.04225,0.35033,0.08533,0.02149,110.764,1.529,-0.025,4.483,4.6,0.23747998,5.23,0.891776331887443,0.3479642885960969,0.5347383868029552,0.6478864249727987
CIA.TO,CHAMPION IRON LIMITED,Basic Materials,2616672000,4.9,14.411765,8.854996,1.7308371,1.469569,7.136,,-0.0050164388199973094,0.12711,0.06582,0.3341,0.23339,0.10373,70.248,2.563,0.301,35.375,4.08,0.105229996,2.84,0.7461406962518075,0.39297529711473067,0.8685659346220018,0.6408965923093597
LLY.NE,ELI LILLY CDR (CAD HEDGED),Healthcare,1246853857280,36.21,47.025974,,0.989381,20.98381,2.352,,0.0011211618617835136,0.9647,0.17603001,0.83029,0.48294,0.30986,178.516,1.546,0.539,4.804,0.58,,0.59,0.48066121677232787,0.767143894594875,0.878463718247141,0.6406005292314413
KNT.TO,K92 MINING INC,Basic Materials,6368236032,25.98,14.677966,6.808961,6.03427,9.270602,12.503,,0.007309068911094029,0.44000998,0.32436,0.73788,0.71061,0.46087003,5.534,4.866,0.634,0.621,,0.024939999,5.12,0.47422655989322654,0.8220423972057959,0.7368889788482947,0.635361465795886
CRM.NE,SALESFORCE CDR (CAD HEDGED),Technology,229950734336,13.34,22.233334,,0.15225735,5.7035675,1.649,,0.06316026970706756,0.12184,0.059499998,0.77729,0.23862,0.17913,19.385,0.984,0.086,0.386,0.64,,,0.6786786786786787,0.6032495302647808,0.5146746280740815,0.6276778691431248
VISA.NE,VISA CDR (CAD HEDGED),Financial Services,869288509440,29.88,30.489794,,1.1187811,21.732212,2.489,,0.023091153013090032,0.52068,0.17261,0.97765,0.6575,0.50145,68.807,1.078,0.115,-0.014,0.7,,0.04,0.5195612278945613,0.8575491925165127,0.4084809229835037,0.6211949697755856
AGI.TO,ALAMOS GOLD INC CLS A,Basic Materials,23232485376,55.32,16.081394,12.098762,3.6652575,11.209885,16.806,0.99,0.006612507853279451,0.25885,0.120299995,0.70215,0.52405,0.51242,4.768,2.013,0.792,11.447,0.29,0.00279,3.6,0.44185016191351467,0.7413718573849293,0.9342273049286509,0.6205393267807802
EIT-UN.TO,CANOE EIT INCOME FUND UNITS,Financial Services,3213412096,17.23,7.4913044,,1.0574443,7.67023,,,0.07079157269718574,0.12574,0.07324,1.0,0.89974,0.87635005,8.428,0.677,-0.47,-0.521,,0.0,,0.6611796982167353,0.8064575624488479,0.04561279222750734,0.6196919147995905
TCW.TO,TRICAN WELL,Energy,1656762752,7.89,14.611111,11.144068,2.355224,1.4192085,6.963,0.35,0.08732881025079926,0.18371001,0.119619995,0.27453,0.12550999,0.09474,7.601,2.227,0.275,-0.174,2.79,0.13155,5.53,0.7299494112603275,0.5268325437170752,0.4661825726141079,0.6192934818232563
PFE.NE,PFIZER CDR (CAD HEDGED),Healthcare,197389271040,11.35,14.1875,,0.5046755,3.1438923,4.589,,0.07245961049778443,0.105979994,0.05189,0.74808,0.35277,0.15654999,66.531,1.282,-0.059,-0.213,6.79,,0.08,0.7764292069847626,0.5986011688626068,0.14283979354316365,0.6191509816257682
ARX.TO,ARC RESOURCES LTD.,Energy,17581271040,31.09,12.288538,12.847107,2.0417678,2.7486627,5.985,4.51,0.050676086727345054,0.17412001,0.08748,0.5673,0.41276002,0.22743,43.61,0.866,0.196,0.494,2.7,0.00393,2.13,0.5783436318524037,0.6718481631335661,0.6309685254528894,0.6189639518408834
MSFT.NE,MICROSOFT CDR (CAD HEDGED),Technology,4370439602176,29.68,30.597937,,0.8218192,17.193594,1.889,,0.014021672892010414,0.35604,0.14592,0.69348997,0.46583998,0.35608003,33.657,1.301,0.16,0.104,0.71,,,0.5581136692247803,0.7583226706320388,0.4863070539419087,0.6174158274248901
PMZ-UN.TO,PRIMARIS REIT SERIES A,Real Estate,2596148224,18.89,11.80625,10.919075,0.8742537,3.844471,14.279,,0.0960391019646188,0.081829995,0.04249,0.56411,0.47346002,0.28722,102.422,0.602,0.179,0.172,4.61,0.006,9.51,0.6559180291402513,0.5964369286809375,0.535411395607732,0.6170236489496136
META.TO,META CDR (CAD HEDGED),Communication Services,2049038483456,32.8,21.437908,,7.17565,9.532052,0.813,0.85,0.012473289144327007,0.32930002,0.16395001,0.81941,0.40617,0.32837,35.608,2.348,0.331,0.624,0.35,,0.78,0.4932409435333412,0.7556368226302866,0.7061329824916507,0.6170133070610184
ELD.TO,ELDORADO GOLD CORPORATION,Basic Materials,11335918592,43.51,11.099489,5.3091516,1.442163,5.679207,10.42,6.0,-0.008396022186253894,0.14039999,0.08818,0.62841,0.48821,0.28618,28.789,1.625,0.499,0.979,0.94,0.01358,2.23,0.5799673754790714,0.6064022316745628,0.7621192187025605,0.6165423516310167
LUG.TO,LUNDIN GOLD INC,Basic Materials,20979408896,86.76,16.781431,12.202824,11.232273,10.5213995,14.271,,0.05398906583187652,0.68451,0.46546,0.77825,0.68918,0.45736998,,2.257,0.592,0.794,6.27,0.58485,2.16,0.3676831275720165,0.9072921349609803,0.7432243700030361,0.6128774665228067
ARG.TO,AMERIGO RESOURCES LTD.,Basic Materials,1059769728,6.55,17.236843,23.80781,6.4695134,4.2509136,10.062,0.32,0.07574995008727028,0.42091998,0.23414,0.33844003,0.38493,0.18794,,1.201,0.498,3.5,4.43,0.13104,2.16,0.4653684462797523,0.7115162937603025,0.8624835542961239,0.6110874591004005
CCA.TO,COGECO COMMUNICATIONS INC,Communication Services,2638440960,62.8,8.44086,7.45628,0.8191055,0.92897,5.486,2.06,0.12898469253600428,0.08884,0.04536,0.50451,0.24879,0.111260004,121.656,0.474,-0.053,0.074,6.29,0.00491,3.46,0.7944982235089447,0.5019740406450647,0.23759740916911243,0.6085796373556118
MFC.TO,MANULIFE FIN,Financial Services,86315016192,51.72,16.846907,10.477716,1.790053,2.694902,8.255,0.78,0.06315529344134263,0.12564,0.00588,0.50317,0.19048999,0.20038,44.278,30.143,0.121,1.616,3.58,0.00014999999,5.87,0.6760199805765108,0.47419338105612613,0.6882400566744257,0.6072136821590635
CS.TO,CAPSTONE COPPER CORP,Basic Materials,9807082496,12.84,17.12,10.976517,2.0393522,3.9559793,12.834,0.3,0.02229391422873986,0.12488,0.07542,0.46949002,0.34306,0.17148,42.26,1.345,0.223,,,0.08264,3.87,0.6299266713106869,0.530408871367477,0.6804979253112033,0.6026811294306409
FFH.TO,FAIRFAX FINANCIAL HOLDINGS LTD.,Financial Services,44772708352,2170.9,7.830964,9.941512,1.2623786,1.1606394,7.496,0.28,0.05405496966975173,0.17221001,0.04338,0.42960998,0.14423001,0.11723,45.824,2.549,-0.078,-0.271,0.96,0.02566,2.15,0.8309154796679162,0.4791789143640996,0.11051513004756602,0.5997476293685279
CTC-A.TO,"CANADIAN TIRE CORPORATION, CL. ",Consumer Cyclical,8992595968,170.92,14.125619,10.793408,1.5455005,0.54733783,11.766,0.32,0.2049839088244913,0.108260006,0.04018,0.31946,0.07074,0.03628,159.236,1.743,0.033,2.026,4.21,0.0202,4.15,0.7621915656954643,0.3622436628972577,0.5888219815808117,0.596204362098894
EQX.TO,EQUINOX GOLD CORP,Basic Materials,14401186816,18.25,35.784313,7.9548545,1.7092177,5.9679637,10.471,,0.02478584831657252,0.05224,0.06882,0.5886,0.45292,0.25157,12.856,1.239,2.243,,0.23,0.04487,5.87,0.5146567678789901,0.5469158856958422,0.979253112033195,0.595636910738019
GIB-A.TO,CGI INC,Technology,18215356416,86.98,11.355092,8.958181,3.3154185,1.1148703,7.5,0.99,0.11674571100525206,0.16622,0.08814,0.20468001,0.16584,0.10262,44.158,0.945,0.033,0.106,0.78,0.0038100001,5.34,0.6970458205350992,0.5291293472121359,0.34491954255642143,0.5854561131752604
IBM.NE,IBM CDR (CAD HEDGED),Technology,280183046144,32.56,25.046156,,0.79151577,4.2840133,6.244,,0.04196363976269012,0.30156,0.051370002,0.57808995,0.1717,0.120900005,237.831,0.932,0.091,,2.23,,0.72,0.6349543988432877,0.5638494080759876,0.45020746887966806,0.5823556125801898
CRT-UN.TO,CT REAL ESTATE INVESTMENT TRUST,Real Estate,4173487104,17.51,9.568306,13.366413,2.0736618,6.8259706,,,0.06235594779976107,0.12219,0.03795,0.78019994,0.74894,0.39808998,70.819,0.072,0.048,0.096,5.43,0.30954,13.42,0.5659259259259259,0.6971072379569111,0.3579850217589313,0.5806482495117216
AEM.TO,AGNICO EAGLE MINES LIMITED,Basic Materials,123923980288,247.83,17.03299,12.760318,3.4411137,9.152982,12.692,28.26,0.034560844205023734,0.22298001,0.15502,0.73870003,0.62821996,0.39457,1.215,3.148,0.661,1.086,0.99,0.00065,2.78,0.3596097949801654,0.7948842088275642,0.7992106062139459,0.577895961511822
UNH.NE,UNITEDHEALTH CDR (CAD HEDGED),Healthcare,492149112832,18.1,19.673914,,0.124240726,1.1309639,2.507,,0.03610440127333022,0.17476,0.05361,0.19701,0.03813,0.04042,75.734,0.823,0.122,-0.602,2.68,,0.04,0.83324991658325,0.32800486449723926,0.29763181864183785,0.5760714336619344
MTSU.NE,MITSUBISHI CDR (CAD HEDGED),Industrials,89487032320,24.44,13.428572,,1.0867376,0.00473076,6.796,1.04,0.3911111243341319,0.08984999,0.011460001,0.0875,0.01757,0.04232,63.488,1.411,0.12,0.683,1.87,,0.77,0.7916166793359776,0.2610690366681652,0.5861653678777452,0.5751073076835084
CDE.TO,COEUR MINING INC,Basic Materials,25055850496,24.22,14.247058,,1.7556792,9.763581,18.37,,0.020292771146649805,0.12146,0.06677,0.58368,0.43047002,0.31146,7.426,3.731,1.378,4.833,0.23,0.009,7.58,0.44387442998554105,0.596592546483614,0.9618156057079243,0.575016947118224
BIR.TO,BIRCHCLIFF ENERGY LTD.,Energy,1807832064,6.59,26.36,8.2375,0.7847107,2.5230339,6.569,0.62,0.04148055203428453,0.03026,0.02402,0.63969004,0.45669997,0.09645,23.092,1.17,0.106,0.042,1.82,0.01686,3.42,0.7105027228565239,0.44156263328376616,0.4290861248861451,0.5741612018105019
NTR.TO,NUTRIEN LTD,Basic Materials,47258316800,98.45,14.628529,13.244826,1.3678532,1.7583182,10.807,0.58,0.03398872606482675,0.098129995,0.04227,0.32269,0.06498,0.08881,55.359,1.239,0.19,12.5,3.04,0.00029999999,1.72,0.6815069309075157,0.3147744694585653,0.8142596903147454,0.5730634833114675
AGF-B.TO,"AGF MANAGEMENT LTD., CL.B, NV",Financial Services,1082566272,16.95,9.854651,7.8576264,0.9053037,1.8871021,7.949,2.79,0.08219647175558782,0.09666,0.05488,1.0,0.16802,0.20163,13.977,1.668,-0.101,-0.413,3.19,0.27096,4.13,0.6968098117610788,0.5975435441666379,0.08197550855176602,0.5698414726216275
III.TO,IMPERIAL METALS CORP,Basic Materials,1118914944,6.28,8.722222,89.71429,1.0889544,1.6706882,3.581,0.27,0.06491892202308454,0.13299,0.08432999,0.40894002,0.26006,0.1894,18.869,0.663,-0.125,-0.68,,0.51513,7.54,0.7174515806533351,0.5794947608673099,0.04477279627568059,0.5682648760715782
NVDA.TO,NVIDIA CDR (CAD HEDGED),Technology,7111204405248,50.81,43.801727,,33.50669,32.931694,8.883,0.68,0.008174283157590206,1.01485,0.51188,0.71068,0.65024,0.55603004,7.255,3.905,0.732,0.956,0.02,,0.02,0.3110633607709631,0.8346474392226025,0.794949903855885,0.5669007696917752
QCOM.NE,QUALCOMM CDR (CAD HEDGED),Technology,301834960896,26.36,38.2029,,0.9688385,6.815892,2.164,,0.02271522767159628,0.2334,0.14713,0.55429,0.26235,0.12512,73.767,2.816,0.1,,2.01,,0.36,0.555861416972528,0.611756636811103,0.47717842323651455,0.5636222948556272
PXT.TO,PAREX RESOURCES INC,Energy,2605689344,27.11,10.715415,3.997741,0.971918,3.0269113,6.351,,0.0012541306996264863,0.09391,0.05444,0.63713,0.15586,0.20798999,9.509,1.491,-0.115,-0.942,5.68,0.01541,5.45,0.8016723390056724,0.4475222187640488,0.036727051917822086,0.5629780038579265
MSFT.TO,MICROSOFT CDR (CAD HEDGED),Technology,4124497936384,29.69,24.138212,,9.246781,12.958994,1.452,1.25,0.008973516721515985,0.34013999,0.14814,0.68309,0.46326,0.39341998,30.271,1.283,0.183,0.234,0.85,,0.54,0.4302238746683191,0.7466484536201312,0.5763283068515332,0.5628881421289355
HBM.TO,HUDBAY MINERALS INC.,Basic Materials,13643685888,34.35,15.0,11.738655,2.8216732,5.7485824,12.741,2.85,0.03999010857321784,0.19476,0.06909,0.55254,0.40037,0.27745,29.458,1.356,0.273,0.919,0.12,0.04044,4.02,0.4533232139128825,0.6482980023285034,0.7240461491751846,0.5621728301476951
AMZN.TO,AMAZON.COM CDR (CAD HEDGED),Consumer Cyclical,3748086415360,30.35,30.35,,0.53885967,5.0460525,2.688,1.77,0.0026164350767932023,0.24285,0.06845,0.50604,0.1314,0.12224,53.3,1.177,0.166,0.748,,,1.02,0.5957865969561876,0.48257656972253926,0.6273504706001417,0.5608976684710039
GRT-UN.TO,GRANITE REAL ESTATE INVESTMENT ,Real Estate,5584668160,91.99,14.262015,13.853915,1.0119244,8.86641,18.614,,0.039709431902933336,0.06902,0.03029,0.82253,0.73744005,0.61876,57.308,0.347,0.078,1.121,3.76,0.0027,2.56,0.49217906795684574,0.6335834745420802,0.5935077421313633,0.5568699113878555
PAAS.TO,PAN AMERICAN SILVER CORP,Basic Materials,32700975104,77.61,17.84138,9.939034,3.3985667,8.175243,16.41,6.95,0.03975799045334792,0.20796,0.10613,0.55724996,0.48094,0.3165,11.489,2.84,0.493,1.316,1.1,0.00065,2.85,0.3745179815014123,0.7100177519567498,0.796994231353102,0.5553143386385339
IFC.TO,INTACT FINANCIAL CORPORATION,Financial Services,46499012608,263.02,14.005323,13.946249,2.351479,1.7645344,8.448,0.49,0.09313638524992914,0.17187999,0.051420003,0.18932,0.17292999,0.13058,23.328,0.35,0.045,0.117,2.24,0.00307,2.52,0.6597405676353044,0.4849396548742954,0.3674324461086934,0.5547140299399596
ATRL.TO,ATKINSREALIS GROUP INC,Industrials,14018621440,85.7,5.500642,17.262075,2.5972056,1.2238227,14.849,0.69,0.04009247859395795,0.56969,0.03889,0.08716,0.05896,0.23152,24.445,1.062,0.178,0.436,0.09,0.00233,3.64,0.6128715174377942,0.44592281356987246,0.6066896063151503,0.553512184415625
CHE-UN.TO,CHEMTRADE LOGISTICS INCOME FUND,Basic Materials,1880416384,16.87,16.378641,10.483471,2.463853,0.9242755,7.133,,0.06426887631287519,0.14930001,0.07117,0.22305,0.10835,0.05686,172.874,0.997,0.079,-0.231,4.27,0.00207,3.82,0.7104119675230787,0.4340324607209139,0.3049741928954559,0.5528634739481776
REI-UN.TO,RIOCAN REAL EST UN,Real Estate,6197858304,21.29,25.650604,13.141975,0.8751234,4.559562,20.963,0.4,0.01860681066644792,0.03419,0.026080001,0.50713,0.48541,0.18143,100.361,0.516,0.788,,5.44,0.00364,4.73,0.5451033336315988,0.42108736498714716,0.8838174273858921,0.5525048586691848
BNS.TO,BANK OF NOVA SCOTIA,Financial Services,130728992768,106.16,15.750743,11.582792,1.4942012,3.9314625,,1.09,0.0,0.10333,0.00622,0.0,0.37487,0.26853,,,0.235,1.614,4.14,0.00021,3.92,0.64985488412389,0.31773985314290326,0.7667138953547212,0.5511434749651694
OVV.TO,OVINTIV INC,Energy,23200894976,82.56,19.798561,7.7871366,1.4756762,2.617134,7.055,1.85,0.037741002013318196,0.07126,0.06467,0.5269,0.2922,0.086969994,67.572,0.565,0.085,,1.99,0.0044400003,2.5,0.6489469969830594,0.4584961556639116,0.43983402489626555,0.5509222567083386
ONEX.TO,ONEX CORPORATION,Financial Services,8296154624,108.75,8.935908,5.4375,0.6212521,9.783201,13.161,3.19,0.09549604845937838,0.0641,0.03243,0.80189,0.75138,0.68160003,0.314,1.943,-0.104,-0.254,0.37,0.14872,6.15,0.585868916814336,0.6870958259847147,0.11160813682825625,0.5501592180260565
AG.TO,FIRST MAJESTIC SILVER CORP,Basic Materials,13860111360,28.07,34.65432,18.334421,3.6498992,9.302818,16.861,0.3,0.046766987015030737,0.11452,0.07976,0.59734,0.49506,0.19514999,9.466,2.728,0.954,50.687,0.17,0.01089,2.88,0.3611074817507565,0.6387188620304088,0.954356846473029,0.5472588695569758
TD.TO,TORONTO-DOMINION BANK,Financial Services,248665915392,148.3,12.008097,14.245589,2.0241313,3.7688076,,0.91,0.0,0.17815,0.01039,0.0,0.35887,0.33021998,,,0.211,0.513,2.91,0.00044,4.32,0.615919582907887,0.39300987884865884,0.6437809938265358,0.5420803981249545
LUN.TO,LUNDIN MINING CORP.,Basic Materials,33069342720,38.65,20.235603,20.607325,3.6520958,7.704161,18.305,0.93,0.05363224153007901,0.2218,0.084180005,0.52393,0.43476,0.3355,6.216,1.805,0.26,1.282,0.28,0.20879999,2.1,0.3614202785352883,0.7057440260054638,0.7540431130452383,0.5408270153263423
SJ.TO,STELLA JONES INC,Basic Materials,3979342592,72.94,13.213769,11.437192,1.8958259,1.1337157,10.429,,0.11619381777521506,0.14840001,0.06797,0.19715,0.11630999,0.086610004,80.705,4.957,0.023,-0.342,1.86,0.00176,4.69,0.702176843510177,0.46057970513308205,0.18387308976824207,0.5398722820169035
SU.TO,SUNCOR ENERGY INC.,Energy,110978236416,93.99,17.86882,12.722928,2.4860475,2.1732314,7.859,11.41,0.06015481081331658,0.1397,0.05945,0.58785,0.20848,0.12394,32.358,1.417,0.175,0.299,2.55,0.00014999999,6.16,0.5127725692832906,0.5617283950617283,0.5760752960226698,0.5394025173166507
FCR-UN.TO,FIRST CAPITAL REIT UNITS,Real Estate,4927025152,23.18,4.5992064,17.17037,1.0124481,6.8155537,23.625,1.78,0.03799077500629735,0.23775,0.025729999,0.62373,0.52155995,1.48266,82.295,0.659,0.047,0.103,3.88,0.00467,1.24,0.4952602456257427,0.673121923666586,0.35731201295415443,0.5368195980392996
ANET.NE,ARISTA NETWORKS CDR (CAD HEDGED,Technology,247815405568,25.78,54.851067,,1.9785115,29.333008,5.473,,0.013189688480053356,0.31736,0.14658,0.64343,0.42378,0.3973,,3.254,0.275,0.155,,,0.02,0.3796574352129908,0.7369309863863241,0.5832557433458152,0.5352429243435811
ASML.NE,ASML CDR (CAD HEDGED),Technology,823019438080,42.18,49.046513,,0.86009663,25.550087,0.702,,0.01132447451999796,0.53852004,0.16155,0.52711,0.32841998,0.29378,14.24,1.308,0.007,0.038,0.51,,,0.5012790568346124,0.6908104805708293,0.2748304827446615,0.5336477690287956
RUS.TO,RUSSEL METALS,Industrials,3195314944,58.19,16.345505,15.660996,2.016495,0.6539468,11.524,0.53,0.03345523113479984,0.11986,0.05448,0.21131,0.04393,0.04044,29.499,2.857,0.209,0.733,3.02,0.0086199995,7.03,0.6538228210109301,0.3019792279051538,0.6612185001518065,0.5317869152950399
AAV.TO,ADVANTAGE ENERGY LTD,Energy,1686095232,10.05,15.461539,7.760618,0.9770562,2.6468773,5.842,,-0.08146863201615412,0.0656,0.043270003,0.5695,0.28653,0.1752,53.62,0.38,-0.044,,,0.01344,3.21,0.7637564230897563,0.37745674401447826,0.1078838174273859,0.5301706445640535
POW.TO,"POWER CORPORATION OF CANADA, SV",Financial Services,50263441408,79.76,19.173079,11.978225,2.1967611,1.2737498,-13.892,0.73,-0.5243721798126824,0.10466,0.00455,0.52502,0.18761998,0.07007,47.533,79.199,0.074,0.21,3.35,0.0061500003,3.01,0.7302038218948551,0.2748440940162073,0.4458202611071754,0.5281703830191764
IAG.TO,IA FINANCIAL CORPORATION,Financial Services,15407459328,170.97,15.81591,11.104284,2.1585486,1.633877,10.886,1.13,0.09409403491757834,0.13362001,0.00738,0.46098,0.09621,0.11103,48.502,1.941,0.134,-0.247,2.38,0.00103,4.35,0.645140572206849,0.434657813742781,0.3547110616334379,0.5279071801584135
GOOG.TO,ALPHABET CDR (CAD HEDGED),Communication Services,6263161225216,62.96,28.748857,,14.028473,14.8241205,4.537,1.48,0.0044580921697472435,0.38884997,0.14641,0.60368,0.36121,0.37919,20.026,1.922,0.218,0.82,0.22,,0.59,0.35869194173287744,0.7041820843563763,0.6796376884930675,0.5277553536651305
GOOS.TO,CANADA GOOSE HOLDINGS INC,Consumer Cyclical,1282280192,13.2,57.391304,11.272994,2.2676516,0.83907884,8.757,,0.15025967741066065,0.04694,0.05495,0.69723,0.27552998,0.01472,125.072,2.628,0.179,0.03,,0.10393,10.99,0.566778333889445,0.4902710055215502,0.48297237121748815,0.5274298745598882
WPM.TO,WHEATON PRECIOUS METALS CORP,Basic Materials,81465499648,179.39,33.097786,22.108217,6.879631,29.670664,34.773,0.43,0.007852284006898675,0.21542,0.14041,0.85807997,0.75021005,0.65550005,0.083,4.531,0.916,1.288,0.59,0.00113,2.84,0.2509090836868615,0.7836797270348469,0.8510626454812267,0.5274018431278111
WCP.TO,WHITECAP RESOURCES INC,Energy,20320686080,16.74,22.931505,13.6097555,1.8468667,3.303371,7.006,,0.06254094979848239,0.101569995,0.05787,0.62558997,0.041589998,0.13725,33.007,0.536,1.148,-0.932,4.36,0.00606,2.75,0.5786170615059504,0.4745593710735323,0.4769254124076511,0.5269431224898591
GWO.TO,GREAT-WEST LIFECO INC,Financial Services,69822537728,77.75,16.72043,12.863444,2.6159954,1.9397304,-11.272,1.88,0.014943240534518546,0.13807,0.00685,0.47919,0.20476,0.124180004,26.709,30.309,0.07,0.424,3.29,0.72796994,8.32,0.6279672578454255,0.39763518576154744,0.48910535370913877,0.5265217469956252
MEQ.TO,MAINSTREET EQ J,Real Estate,1560841600,168.02,8.338462,16.70179,0.8454262,5.583148,19.366,2.49,0.04954698798391842,0.16302,0.02723,0.66875,0.59365004,0.99814004,97.624,0.938,0.048,-0.14,0.19,0.49153,12.74,0.4929482050973279,0.6856635658378578,0.265302094929663,0.5262516648313637
QBR-B.TO,QUEBECOR INC CLASS B SV,Communication Services,14761172992,65.36,18.411268,13.824991,5.654958,2.5772905,10.581,2.03,0.0892256289329991,0.35277998,0.07564,0.5774,0.26319,0.15552,260.791,0.944,0.039,0.183,2.45,0.00555,6.14,0.4567073401722524,0.6883292411614851,0.3720574840603178,0.5250775271016936
AYA.TO,AYA GOLD AND SILVER INC,Basic Materials,3794467584,26.47,32.280487,12.369046,6.003908,13.28851,24.179,,0.010017808074124794,0.24129999,0.15184,0.5487,0.66156995,0.30453,21.387,2.223,2.466,5.6,,0.035350002,3.39,0.2561857412968524,0.7119946744129751,0.9767027628782512,0.5237964211247051
ASM.TO,AVINO SILVER AND GOLD MINES LTD,Basic Materials,1653684736,9.81,42.652176,8.821943,4.3742757,14.6572075,28.507,1.18,0.00910051031637508,0.18122,0.12477,0.54938,0.49458998,0.32740003,3.03,5.775,1.093,1.257,,0.0633,3.01,0.3249551319629292,0.666107595301495,0.850824815302095,0.5232389466323021
WPK.TO,WINPAK LTD,Consumer Cyclical,2341806848,39.92,13.131578,11.450926,1.3266513,2.0896842,9.003,,0.024269615595555728,0.10079,0.06979,0.30229,0.14107001,0.11934,1.049,8.764,-0.017,-0.06,0.5,0.58419997,12.5,0.7076555444333221,0.3987735011700153,0.19602266977026617,0.5228018980917063
DSV.TO,DISCOVERY SILVER CORP,Basic Materials,7532792832,9.29,25.108109,11.920496,8.256016,8.028573,13.26,,0.026525054977112637,0.52927,0.25717,0.67043,0.5094,0.20777,0.822,2.333,,,,0.29994,9.47,0.3557864531197864,0.7706597042109026,,0.5226241230337091
GTII.CN,GreenThumb,Healthcare,2102300672,9.6,13.714287,41.550198,0.8512233,1.7578573,7.373,1.77,0.06989354565549033,0.06626,0.03147,0.48101002,0.13569,0.10138,29.644,3.471,0.074,0.898,,0.01688,1.47,0.5953419431684539,0.39762942213922603,0.5604544074486388,0.520909430450252
MG.TO,MAGNA INTERNATIONAL INC,Consumer Cyclical,22608248832,83.05,25.553846,7.939823,1.361732,0.53419614,6.672,0.34,0.09160373629065337,0.059660003,0.04405,0.14579001,0.04277,0.01585,54.596,1.217,0.031,,3.26,0.05921,3.23,0.7713756014438276,0.26497389079088424,0.27385892116182575,0.5195075006729971
XOM.NE,EXXON MOBIL CDR (CAD HEDGED),Energy,920948572160,28.51,21.93077,,0.33486536,2.8228743,2.034,,0.018777108050063475,0.11424,0.05108,0.31222,0.11057,0.091809995,15.672,1.137,-0.051,-0.083,3.43,,1.32,0.7411439216994773,0.35175963389471016,0.17137941503896367,0.5193947449687317
SFC.TO,SAGICOR FINANCIAL COMPANY LTD,Financial Services,1160133120,8.52,35.500004,5.597898,0.81016773,0.8089693,6.272,,11.79208741838178,0.05287,0.00873,0.49825,0.06007,0.01799,77.744,2.593,-0.005,,4.59,0.33516,0.88,0.7619062395729062,0.3216360618321403,0.15560165975103735,0.5168659903903577
LIF.TO,LABRADOR IRON ORE ROYALTY CORPO,Basic Materials,1793280000,28.02,19.324137,12.276013,2.8053665,10.819839,,,0.04172752052105639,0.14527,0.09675,0.96382004,0.74208,0.55724996,,2.008,-0.004,-0.364,4.82,0.00083,8.79,0.43652777777777774,0.7958611428110337,0.13316971966400162,0.5167907468223509
GOOG.NE,ALPHABET INC. CDR (CAD HEDGED),Communication Services,6144563085312,63.07,45.05,,2.4624214,18.07974,2.901,,0.006689572247416002,0.32101002,0.16483,0.58127,0.32312,0.27738002,9.324,1.95,0.151,0.366,0.4,,,0.3937548659770882,0.6692026604880635,0.5699625543973281,0.5165927473189655
NKE.NE,NIKE CDR (CAD HEDGED),Consumer Cyclical,84403306496,7.56,23.625,,0.5775141,1.8146175,4.803,,0.0,0.17950001,0.0502,0.41132998,0.08095,0.05426,80.099,2.063,0.006,-0.321,2.83,,,0.7380714047380714,0.3347050754458161,0.16299969638700534,0.5106324332331221
GMIN.TO,G MINING VENTURES CORP,Basic Materials,11299160064,47.53,23.413794,14.387247,4.523726,18.148783,23.812,,-0.012314465784348057,0.23777,0.1382,0.69155,0.60823,0.55222,2.174,3.046,0.428,2.135,,0.21604,7.58,0.2596332999666333,0.7248533158119215,0.8412610059710556,0.5097044614131475
SPB.TO,SUPERIOR PLUS CORP.,Utilities,1632869120,7.61,26.24138,13.98897,1.2907455,0.69495624,8.668,0.24,0.14874125857680498,0.04921,0.03373,0.52362,0.20313999,0.01758,150.687,1.219,-0.11,-0.074,2.37,0.00341,12.14,0.6928943661009939,0.39828647508386067,0.1583139358364538,0.5095945397053162
TFPM.TO,TRIPLE FLAG PRECIOUS METALS COR,Basic Materials,9086439424,43.98,21.246378,20.706945,3.1939793,20.03837,25.561,,0.005472963575660767,0.15925,0.08409,0.87709,0.6692,0.68676,0.064,6.311,0.787,1.472,0.71,0.014730001,9.79,0.24591102213324434,0.7306313471890813,0.8569071956279728,0.5072125619269965
GGD.TO,GOGOLD RESOURCES INC,Basic Materials,1395712128,3.22,21.466665,22.83688,2.1744924,14.353714,22.798,,0.022932290518865507,0.1141,0.0651,0.61794,0.60638,0.45103002,,9.291,0.723,2.8,,0.046129998,5.62,0.29265154042931824,0.6478167398646703,0.8928752150592045,0.5069929114261744
GE.NE,GE AEROSPACE CDR (CAD HEDGED),Industrials,409288441856,36.82,36.82,,1.4982978,9.3125925,4.613,,0.012632900339314097,0.42131,0.049289998,0.32459998,0.20598,0.18344,115.246,1.077,0.238,0.193,0.47,,0.03,0.4882660438215993,0.5010086339062374,0.5747039773302297,0.5056916403775171
TSU.TO,TRISURA GROUP LTD,Financial Services,1923514752,40.72,13.135485,11.084586,2.0287979,0.59972185,7.305,,-0.00895502567999021,0.17044,0.026500002,0.08,0.058280002,0.04697,23.385,15.381,0.009,0.283,,0.011729999,6.78,0.7542850628406185,0.20626851563670737,0.37306446715919445,0.505296181967036
AMZN.NE,AMAZON.COM CDR (CAD HEDGED),Consumer Cyclical,3822441988096,30.38,50.63333,,1.2322043,6.1639566,3.342,,0.014212969232022667,0.22558,0.07069,0.48406,0.109589994,0.080419995,61.175,1.089,0.11,0.521,,,,0.509815370926482,0.47094557987804175,0.5653071551462403,0.5045347116924916
DIR-UN.TO,DREAM INDUSTRIAL REIT,Real Estate,3943664640,13.71,21.761906,12.132744,0.8122519,7.2972856,20.373,,-0.053771655391062864,0.03876,0.025710002,0.77376,0.6923,0.34311,63.091,0.667,0.123,0.341,5.11,0.00191,5.41,0.4961975308641975,0.49178972000322757,0.5460479708531525,0.5021323630612012
MUX.TO,MCEWEN INC,Basic Materials,1862098560,31.17,19.24074,6.034412,2.3150513,7.893392,63.905,,0.011999566768366976,0.13091,-0.0018000001,0.36477003,0.14725,0.31404,19.651,1.136,1.074,,,0.14367,38.41,0.44868590813035264,0.39331823264285143,0.91701244813278,0.49955620271009127
CEU.TO,CES ENERGY SOLUTIONS CORP,Energy,3879774720,18.4,18.96907,14.787549,4.602301,1.5255322,,1.28,0.045256912236388815,0.25219,0.095690005,0.2384,0.08257,0.08292,55.706,2.746,0.078,0.258,1.06,0.02234,3.98,0.5128584424023022,0.477052137727519,0.47643457139965595,0.49486265511573113
CATR.NE,CATERPILLAR CDR (CAD HEDGED),Industrials,566355820544,62.97,43.13014,,1.0352255,8.757493,3.895,,0.01110498913202461,0.46283,0.08201,0.3012,0.17746,0.14339,201.046,1.384,0.095,-0.036,1.04,,0.05,0.5126098320542765,0.5212648845546449,0.3689505110818743,0.49409020228354505
AMAT.NE,APPLIED MATERIALS CDR (CAD HEDG,Technology,481561509888,48.71,50.739582,,1.3760045,16.97552,2.421,,0.007586258396875741,0.35508,0.15045999,0.48675,0.28441,0.24669,34.533,2.61,-0.035,0.133,0.71,,,0.46101657212768327,0.635609387788037,0.26821171946159295,0.49320332970889347
SRU-UN.TO,SMARTCENTRES REIT,Real Estate,4789661184,28.09,13.126167,14.045,0.77749175,5.100854,18.922,2.49,0.06323957298103532,0.07119,0.02814,0.62463003,0.55644,0.38873002,82.388,0.13,0.017,,6.59,0.11111,10.42,0.4994565653093918,0.596503210337633,0.22821576763485477,0.49273677141809563
OR.TO,OR ROYALTIES INC,Basic Materials,9389793280,50.08,27.217392,21.506737,4.753739,28.866268,31.9,,0.008767565115128923,0.18908001,0.10276,0.96668,0.85406995,0.78094,0.315,4.106,0.873,1.844,0.63,0.00067000004,3.46,0.1658177065954844,0.7778037140782238,0.8892318591235705,0.48852493209365605
WELL.TO,WELL HEALTH TECHNOLOGIES CORP,Healthcare,1008843584,3.95,35.909092,11.681207,1.1617647,0.6842851,10.286,,-0.02676529883149854,0.0419,0.031489998,0.45075,0.039,0.0182,75.675,0.827,0.252,,,0.21040002,7.37,0.6411698365031698,0.16763207340549388,0.7136929460580913,0.48631008585222146
COST.TO,COSTCO CDR (CAD HEDGED),Consumer Defensive,613926109184,46.91,52.707867,,0.9195759,2.1446075,1.511,5.13,0.01089768795937432,0.29650998,0.08718,0.12926,0.036730003,0.029860001,60.257,1.058,0.215,0.455,0.51,,0.17,0.5349821835201952,0.35016599232285506,0.6385386094524845,0.48582998049096954
NWC.TO,THE NORTH WEST COMPANY INC,Consumer Defensive,2424024576,51.1,17.804878,12.673862,3.0447474,0.9329598,9.176,2.0,0.04777267076684952,0.18043,0.08821,0.33911,0.08758,0.05369,53.346,2.105,0.001,-0.08,3.21,0.00093000004,4.87,0.576783184604822,0.4648159675392791,0.21116283776945655,0.4827516066065772
IGM.TO,IGM FINANCIAL INC.,Financial Services,18047782912,77.64,15.975308,13.767495,2.041063,4.0659504,10.486,3.23,-0.11947140867736962,0.1359,0.054530002,0.41494998,0.36832002,0.25931,28.286,6.43,0.129,0.224,3.19,0.67678,8.36,0.48932363998640804,0.4518161173934594,0.5282461289343183,0.48203438042106256
CVE.TO,CENOVUS ENERGY INC.,Energy,79086968832,42.41,16.896414,12.178767,2.4408634,1.6221969,8.477,15.91,0.046384064203959095,0.14832,0.05667,0.24870001,0.18501,0.09519,42.271,1.566,-0.071,0.78,2.07,0.28871,1.51,0.5375284731961146,0.44587382278014087,0.3777148061937051,0.4814772955001624
TOU.TO,TOURMALINE OIL CORP,Energy,26210654208,67.5,37.29282,13.468243,1.6925353,5.6435714,,0.45,-0.04060142900497266,0.04499,0.01893,0.46071997,0.65045,0.15235,7.135,0.878,0.041,2.018,2.96,0.04876,5.67,0.5244404220427612,0.3676038316561192,0.59571905677563,0.4802394106173668
CCL-B.TO,"CCL INDUSTRIES INC., CL. B, NV",Consumer Cyclical,14872363008,86.54,18.936543,16.136492,2.6581075,1.9275454,10.429,,0.06634453660586712,0.14453,0.06944,0.29931,0.1525,0.10366999,42.35,1.388,0.028,0.007,1.66,0.11684,4.57,0.5290657323990657,0.48734308538230114,0.2982694059305738,0.47984335697292435
CM.TO,CANADIAN IMPERIAL BANK OF COMME,Financial Services,141126467584,153.34,16.006264,13.909462,2.2181077,5.05594,,1.79,0.0,0.14748,0.00847,0.0,0.44713002,0.33528998,,,0.167,0.466,2.79,0.00022,8.05,0.501402240168322,0.39336434162142225,0.6036332355024795,0.47892362497703067
DFY.TO,DEFINITY FINANCIAL CORPORATION,Financial Services,8163855360,67.91,20.959877,15.067539,2.0056705,1.5279249,13.262,,0.46070452673968,0.101,0.040689997,0.30494,0.08269,0.07301,40.973,0.327,0.571,-0.342,1.27,0.00493,4.06,0.5470378155933712,0.388162672476398,0.4618813885234288,0.47865805144193924
NVDA.NE,NVIDIA CDR (CAD HEDGED),Technology,7609486671872,50.66,80.4127,,29.048166,79.01281,13.274,,0.004432082692340552,1.23767,0.55258,0.75975996,0.62057,0.55041003,17.221,4.269,1.224,1.68,0.03,,,0.1027277277277277,0.8264458046593123,0.9043720271227609,0.4762756995630373
JWEL.TO,JAMIESON WELLNESS INC,Consumer Defensive,1415779072,34.13,19.728325,13.667527,2.8748317,1.6738083,13.605,,0.00011018668313808781,0.14362,0.06671,0.41639,0.08343001,0.08712,88.451,3.583,0.163,,2.7,0.0025600002,6.69,0.5169897675453231,0.37474495971228,0.5767634854771784,0.4761701424935363
GIL.TO,GILDAN ACTIVEWEAR INC.,Consumer Cyclical,14390412288,77.71,33.068085,10.500638,3.0825572,3.532683,20.295,0.48,-0.07500549521434254,0.105629995,0.07007,0.32601002,0.13328,0.06098,149.31,2.346,0.638,,1.75,0.0057599996,4.97,0.4856509642474555,0.30635381724706345,0.8340248962655602,0.475153052600034
AAPL.TO,APPLE CDR (CAD HEDGED),Technology,5823859785728,42.52,34.85246,,85.15198,12.900571,4.005,2.52,0.017358032316597636,1.4147099,0.26229,0.47862,0.32275,0.27152002,79.548,1.07,0.166,0.218,0.35,,0.62,0.2962750553393828,0.698130280918952,0.5493016901123369,0.47487837950817513
COST.NE,COSTCO CDR (CAD HEDGED),Consumer Defensive,643066757120,46.92,55.199997,,0.8801681,2.5272515,1.658,,0.0069471792508881604,0.30267,0.0836,0.12613,0.03817,0.02895,42.118,0.966,0.01,0.088,0.46,,,0.6230258035813592,0.33846295719934066,0.29934723206153224,0.47487702161967865
TECK-B.TO,TECK RESOURCES LIMITED CL B,Basic Materials,41291546624,84.34,22.371351,20.84641,1.6416225,3.3275483,9.168,5.44,0.0,0.0592,,0.30913,0.39843,0.14909,36.94,,0.722,1.288,0.59,0.02796,3.54,0.4376400390922808,0.355268527163952,0.8261663799210606,0.4670889610416827
SIS.TO,SAVARIA CORP.,Industrials,2012004992,27.99,25.445454,18.058065,3.1305223,2.1661482,12.805,,0.059337141048206705,0.12617,0.07511,0.39004,0.13998,0.08502,31.422,1.711,0.07,0.824,2.0,0.17870001,4.27,0.43234312089867644,0.47419626286728683,0.5378858415140167,0.46282312867999115
MTL.TO,MULLEN GROUP LTD.,Industrials,2071690112,21.6,21.176472,15.358908,1.8081366,0.94849133,9.602,2.29,0.07336534316576397,0.087510005,0.053319998,0.30014,0.06954,0.04323,91.654,2.075,0.102,0.0,3.89,0.06379,5.66,0.557413550420373,0.3445118788256043,0.4031676955773707,0.4597610871357536
BMO.TO,BANK OF MONTREAL,Financial Services,147990888448,209.94,17.480433,13.073312,1.7617294,4.4202776,,1.56,0.0,0.10471,0.0062,0.0,0.39866,0.27076,,,0.1,0.198,3.18,0.00031,2.72,0.5507968687149973,0.3239415107606829,0.4727355530816719,0.4596882960859885
L.TO,LOBLAW CO,Consumer Defensive,70601457664,60.66,27.447964,21.105885,1.9307404,1.0948848,6.569,5.42,0.05856996624176669,0.24492,0.07105,0.3132,0.06966,0.04277,151.434,1.091,0.042,0.21,1.02,0.54568,3.94,0.4843717060140062,0.4525855609733605,0.39395304119016294,0.4596837555262037
CNQ.TO,CDN NATURAL RES,Energy,137823715328,66.08,11.821109,13.008206,3.0875618,3.5675125,10.59,3.42,0.03874968022223247,0.22825001,0.050419997,0.48668,0.21776,0.25134,44.85,0.984,-0.012,-0.453,3.78,0.02174,1.57,0.4866007409525928,0.567589998962548,0.11584353810343083,0.45933340082870283
STN.TO,STANTEC INC,Industrials,12135586816,106.39,24.799534,15.488223,3.7450716,1.8287227,14.664,1.39,0.06090970195404517,0.15281,0.06628,0.54243,0.10913,0.073850006,76.672,1.346,0.091,0.105,0.88,0.00071999995,6.41,0.43895786067326026,0.49965994628304,0.427542758830078,0.4584913253602058
TNZ.TO,TENAZ ENERGY CORP,Energy,1934805760,58.97,8.762259,393.13333,4.27908,4.8491006,46.244,,-0.15860248007531258,1.00843,-0.053439997,0.58637,-1.30941,0.5259,114.55,0.691,7.051,,,0.14287,1.89,0.30746301857412967,0.4389142488271029,1.0,0.4573514963765508
WN.TO,WESTON GEORGE,Consumer Defensive,35905863680,95.23,35.27037,17.626144,8.847905,0.5515833,9.204,1.29,0.13618945127126378,0.19379999,0.06949,0.31967,0.07849,0.0179,163.632,1.114,0.042,0.308,1.35,0.6088,2.73,0.4612716378310921,0.4569687957487522,0.4280993826535776,0.45478980482564596
SLF.TO,SUN LIFE FINANCIAL INC.,Financial Services,54870933504,99.03,18.441341,11.641084,2.3856325,1.5723683,-7.29,1.18,-0.07602158078276386,0.119720004,0.00754,0.40144002,0.08493,0.08849,54.114,48.176,0.002,-0.484,3.72,0.00064000004,8.49,0.69537249376918,0.2409539947666309,0.1362260904766724,0.4524540586244117
BNT.TO,BROOKFIELD WEALTH SOLUTIONS LTD,Financial Services,17181300736,62.62,16.654255,,0.91459197,1.609791,9.728,,0.519511027549713,0.03632,0.00737,0.2912,-0.16304001,0.045250002,51.619,2.617,-0.367,,0.61,0.23912,3.74,0.7198865532198866,0.2561901303731369,0.016597510373443983,0.45209944879655783
SMCI.NE,SUPERMICRO CDR (CAD HEDGED),Technology,25437114368,10.11,22.977272,,0.67098767,1.2082661,6.916,,-5.9593041021468113e-05,0.12787,0.04587,0.10078,0.03632,0.03766,79.184,5.394,-0.155,-0.616,,,,0.7483733733733735,0.20168355408006824,0.04794049185305131,0.45196700439266835
CSU.TO,CONSTELLATION SOFTWARE INC.,Technology,55359483904,2612.34,54.3445,14.103969,10.399133,4.5563364,24.188,0.45,0.049702414798003386,0.19685,0.08007,0.37407002,0.13769001,0.06115,120.655,0.912,0.199,1.699,0.21,0.021189999,3.38,0.3259713263806831,0.49912392940715383,0.7574334581520089,0.45129405720564675
FNV.TO,FRANCO-NEVADA CORPORATION,Basic Materials,59790999552,310.03,31.86331,22.146585,5.7222776,28.639652,30.861,9.18,-0.013847402154231175,0.19041,0.13019,0.91823995,0.79260004,0.65666,,6.155,0.777,1.231,0.78,0.0061799996,3.16,0.1292816061675711,0.7499279547209831,0.8255642141483656,0.4509502193583844
BAM.TO,BROOKFIELD ASSET MANAGEMENT LTD,Financial Services,105355976704,65.98,30.831776,21.990116,10.167766,20.763891,34.548,1.35,0.027694204992256725,0.22388001,0.12001,0.71048,0.64499,0.49685,26.373,1.126,0.238,0.056,4.15,0.03568,6.67,0.19747393243981937,0.7788354024737467,0.5295820261107176,0.45076666100232865
QSR.TO,RESTAURANT BRANDS INTERNATIONAL,Consumer Cyclical,47618752512,104.35,24.495304,17.226948,7.1476717,4.9659767,18.265,0.94,0.034650214735973975,0.28136,0.06436,0.33914003,0.25882998,0.099589996,296.409,0.989,0.073,1.0,3.39,0.01339,7.66,0.3654377867145899,0.5175415845350485,0.5731960327902035,0.4498378528630924
EQB.TO,EQB INC,Financial Services,4211011584,115.0,19.198666,9.1679125,1.3406857,3.870134,,,0.0,0.07488,0.00448,0.0,0.40835997,0.21792,,,-0.119,-0.238,1.95,0.32196,17.36,0.6586265432098766,0.2891292319396895,0.11026211921870256,0.44704782066663495
X.TO,TMX GROUP LIMITED,Financial Services,14828915712,53.7,28.115185,20.694597,3.139984,8.30147,16.439,,0.03594665950988177,0.11925,0.00959,0.92722,0.50123,0.29917,42.565,1.003,0.165,1.105,1.71,0.01169,5.21,0.2754617951284618,0.592177611785455,0.673018925209999,0.44594590047064
NA.TO,NATIONAL BANK OF CANADA,Financial Services,79864070144,204.62,19.731918,14.490875,2.5142534,5.936084,,1.36,0.0,0.14339,0.00784,0.0,0.44889,0.31768,,,0.246,0.108,2.42,0.00112,3.95,0.45416098889198303,0.3857477147237496,0.5589768242080762,0.4459387182305153
EXE.TO,EXTENDICARE INC,Healthcare,3159467264,33.32,24.5,20.71714,8.429041,1.8044014,18.959,,0.03220993904876237,0.47208,0.10792,0.14599,0.09191,0.06988,82.551,1.442,0.242,1.398,1.53,0.0047999998,2.42,0.33049660771882994,0.4708562437320607,0.7583038154032993,0.4437935614761311
SOIL.TO,SATURN OIL AND GAS INC,Energy,1315846912,7.3,73.0,4.4512196,1.4196811,1.8545436,5.543,,0.13354326737972388,0.03852,0.02547,0.55749,-1.49605,0.045700002,94.54,0.431,-0.718,,,0.01232,3.77,0.6514797019241463,0.3298953326186442,0.004149377593360996,0.4418256240176027
VLE.TO,VALEURA ENERGY INC,Energy,1438517504,13.55,46.72414,12.7497015,1.9152739,2.4115078,3.641,,0.07263910498790845,0.042519998,0.09503999,0.67862,-0.0021600001,0.03817,17.042,2.115,-0.307,,,0.17951,2.5,0.5726718941163386,0.4341938421459119,0.02074688796680498,0.44141582500425913
BBD-B.TO,"BOMBARDIER INC., CL. B, SV",Industrials,25822433280,261.75,20.119139,19.198576,-14.917419,2.6820142,23.068,1.72,0.03656220084926094,,0.05224,0.20015,0.10819,0.097320005,,1.155,0.051,0.216,,0.016280001,5.2,0.5054458343054835,0.35811633295293427,0.42012448132780084,0.44108230588543884
HWX.TO,HEADWATER EXPLORATION INC,Energy,3162246400,13.3,22.931036,23.130436,4.1745133,6.0500274,10.178,,0.017996977085656576,0.1874,0.11343,0.7403,0.30712,0.26549998,0.271,0.98,0.059,-0.288,3.61,0.04602,6.94,0.33389378267156045,0.6619635508524399,0.25330432142495696,0.43662978234787775
RCH.TO,RICHELIEU HARDWARE LTD,Industrials,2134645504,38.82,24.884617,18.54169,2.2204428,1.0748981,14.012,0.85,0.08810941566061548,0.095240004,0.05886,0.108109996,0.051209997,0.04349,28.98,3.206,0.05,0.04,1.61,0.07737,10.65,0.5396110298546946,0.3276532835356365,0.3415848598320008,0.4357218931396202
CNR.TO,CANADIAN NATIONAL RAILWAY CO.,Industrials,93361807360,153.91,20.277998,17.621494,4.359563,5.4028826,12.845,2.51,0.027832581325040878,0.21846001,0.075619996,0.56661,0.38411,0.27228,105.664,0.668,-0.005,0.011,2.38,0.02668,2.12,0.34540932815299286,0.6431280331062466,0.24365448841210405,0.43434764892549826
SII.TO,SPROTT INC.,Financial Services,4570478080,177.27,39.393333,26.276821,8.788456,11.8814945,36.137,2.46,0.047732179474756394,0.22884001,0.17011999,0.3744,0.29387,0.21993999,,3.187,2.297,1.457,1.23,0.17241,4.71,0.13322760033773678,0.651024195686505,0.9063353911547414,0.43042257733235634
KXS.TO,KINAXIS INC,Technology,3794480896,138.89,34.46402,19.44315,7.155616,6.533085,32.164,,0.0417187479232996,0.20973,0.08899,0.65727997,0.24344,0.14498,12.153,1.717,0.247,0.891,,0.0013,3.42,0.19179334890446004,0.6378860186049728,0.7084303208177309,0.4254213290866301
ALS.TO,ALTIUS MINERALS CORPORATION,Basic Materials,2945379840,52.84,8.440894,47.10833,1.9435046,58.506824,75.606,,0.0,,,0.87641996,0.07536,0.62811,6.515,2.601,0.757,-0.615,0.76,0.16296,5.38,0.31279768657546436,0.565843621399177,0.46739196437607533,0.4245529054338554
FTT.TO,FINNING INTL,Industrials,13348921344,102.24,26.215384,19.161064,4.7990985,1.2543621,14.112,0.49,0.024402721958236447,0.18585,0.064840004,0.2306,0.08116999,0.06343,91.241,1.61,0.021,0.196,1.21,0.00052,2.81,0.4738295640391157,0.37713398116448227,0.3520392672806396,0.4217175655192226
EIF.TO,EXCHANGE INCOME CORPORATION,Industrials,6012255232,106.74,30.760805,20.99049,3.3995795,1.7297461,11.445,,-0.011327944901192112,0.11579,0.04761,0.36233002,0.06882,0.05415,140.657,1.644,0.297,2.5,2.59,0.05559,2.75,0.40800133466800126,0.2673398577538011,0.8274668555814189,0.4216896458850438
MRU.TO,METRO INC,Consumer Defensive,18773037056,89.0,18.976545,15.981899,3.7750254,0.8465704,14.475,3.17,0.044786973865333,0.1392,0.062459998,0.19747,0.06796,0.044359997,80.689,1.418,,,1.83,0.00159,2.68,0.4438280148708999,0.3553100252446657,,0.4212725162710829
T.TO,TELUS CORPORATION,Communication Services,26215049216,16.79,27.983334,16.974857,1.648341,1.2903012,11.031,0.99,0.09012476019148588,0.0374,0.03304,0.34764,0.14031,0.045679998,190.139,0.669,-0.006,-0.585,9.97,0.00057,5.96,0.5714439223406086,0.33909983746585054,0.11127416253415645,0.42109802866347545
BBD-A.TO,"BOMBARDIER INC., CL. A, MV",Industrials,25913194496,262.67,20.205385,29.865833,-14.915602,2.691441,23.139,1.72,0.036434141384835306,,0.05224,0.20015,0.10819,0.097320005,,1.155,0.051,0.216,,0.82663,1.14,0.4643041370526751,0.35729328768544455,0.42012448132780084,0.42022339141541326
CIGI.TO,COLLIERS INTERNATIONAL GROUP IN,Real Estate,6478431232,126.77,56.84753,10.917249,3.1102333,1.1304656,15.126,1.21,0.03552304929367196,0.08528,0.03945,0.40088,0.03874,0.01454,94.229,1.227,0.151,,0.32,0.11031,3.47,0.4857184182232915,0.2630315500685871,0.5643153526970954,0.4195675545402155
AAPL.NE,APPLE CDR (CAD HEDGED),Technology,6266601603072,42.57,43.886597,,11.30077,16.02568,4.299,,0.01768837532254505,1.5741299,0.21464,0.46206,0.31171,0.23971,209.059,0.867,0.061,-0.341,0.42,,,0.2850489378267156,0.6843408145151065,0.24562291266066189,0.4188871908927444
RY.TO,ROYAL BANK OF CANADA,Financial Services,351328468992,252.5,17.330132,14.480677,2.7410197,5.5393615,,2.29,0.0,0.15395,0.00927,0.0,0.46194,0.33137,,,0.075,0.138,2.6,0.00027000002,1.62,0.4232880967851728,0.40239593779898786,0.4221030260095132,0.4157980805236592
EFX.TO,ENERFLEX LTD,Energy,4680047104,38.34,41.225807,13.41967,2.9844193,1.7979435,12.392,,0.029994357937129002,0.074939996,0.07038,0.23127002,0.11301,0.031889997,54.474,1.205,0.058,0.842,0.44,0.00457,8.15,0.45204104104104104,0.3141087710804486,0.5258020443274972,0.4148288970478021
VNP.TO,5N PLUS INC.,Basic Materials,3600110848,40.03,44.977528,32.42345,12.096996,8.570325,35.747,0.42,0.013273341299073245,0.3191,0.12089,0.30538,0.24024999,0.13987,68.965,2.694,0.326,0.849,,0.03691,6.41,0.22234767975996048,0.5502299685306221,0.7274111931990689,0.4128660078455583
EMA.TO,EMERA INCORPORATED,Utilities,21777020928,71.19,21.770643,19.586319,1.7049047,2.4432874,13.124,1.19,-0.09466974233143374,0.07665,0.02854,0.43689,0.33523,0.12005,168.664,1.066,0.051,-0.056,4.11,0.0029300002,2.62,0.5125687223006912,0.3160972207813167,0.3042708227912155,0.4125590118424887
AQN.TO,ALGONQUIN POWER AND UTILITIES C,Utilities,6111035392,7.94,22.055555,14.335106,0.993123,2.4119968,14.396,1.3,-0.044888058144632,0.02671,0.02317,0.36876,0.22627,0.06718,133.219,1.047,0.144,-0.107,4.46,0.0004,6.59,0.5504593161805638,0.22271213011953753,0.38117599433255744,0.4103553027820036
MFI.TO,MAPLE LEAF FOODS,Consumer Defensive,3484041984,28.0,49.122807,15.133008,2.6367831,0.87784654,9.512,1.88,0.1813616170246472,0.05072,0.04743,0.1736,0.08,0.13559,91.78,1.345,0.062,-0.101,3.04,0.39604,5.07,0.4730342693013258,0.3664828071146154,0.2989171136524643,0.4096236841886479
DSG.TO,DESCARTES SYS,Technology,8004961792,93.16,36.39063,20.922571,3.623241,10.980864,24.927,1.45,0.029512819441074978,0.10904,0.07776,0.77083,0.31202,0.22465,0.517,2.16,0.151,0.21,,0.00061,5.06,0.23701020917882518,0.6028662493804106,0.523621090982694,0.40805145551996036
SAP.TO,SAPUTO INC.,Consumer Defensive,16076435456,39.67,25.429487,17.807924,2.415956,0.84644,11.858,0.51,0.06979159049721127,0.0941,0.051119998,0.09182,0.06874,0.03391,52.506,1.638,-0.021,,1.99,0.41481,5.2,0.5709858452158647,0.29442888266417677,0.12448132780082988,0.4072152307105187
PSI.TO,PASON SYSTEMS INC.,Energy,1087920896,14.03,23.383331,13.960198,2.2632682,2.6629872,7.904,2.24,0.0,0.09127,,0.5843,0.17339,0.11305001,5.915,2.109,-0.095,-0.32,3.71,0.0014599999,5.78,0.5064194638804776,0.3935954628765086,0.10112336808015383,0.4061366491590399
ACO-X.TO,"ATCO LTD., CL.I, NV",Utilities,6980852736,69.14,49.74101,13.55285,1.6755931,1.353403,11.681,1.14,-0.058320237855824034,0.03024,0.015570001,0.61148,0.28401,0.03063,152.241,1.658,0.011,0.047,2.96,0.00685,3.22,0.5398150336356965,0.26109209115745063,0.2914836555004554,0.4050122970480243
BDI.TO,BLACK DIAMOND GROUP LTD,Industrials,1150522624,16.77,34.22449,17.378239,2.8294246,2.3738217,13.23,0.34,-0.02585401049879746,0.09538999,0.04612,0.43785998,0.096149996,0.065359995,92.781,1.454,0.271,-0.563,1.01,0.31377,1.57,0.4897960589383592,0.27646655369966916,0.40002024086630905,0.40166435939401013
ATH.TO,ATHABASCA OIL CORP,Energy,6006439936,12.41,27.577778,13.562841,3.2495418,4.487334,13.367,,0.008840823610293737,0.11431,0.07547,0.4421,0.14963001,0.16389999,10.872,1.743,0.081,-0.313,,0.01312,9.05,0.3965117339561784,0.45204666228631374,0.28613500657828156,0.39939244976504124
VMET.TO,VERSAMET ROYALTIES CORPORATION,Basic Materials,1666841088,15.35,52.931038,23.641472,4.454601,47.95147,39.81,,-0.08748479327142672,0.09132,0.07474,0.56543,1.3558,0.58491004,73.09,0.737,4.652,,,0.66741997,1.91,0.09125214102991881,0.5839154591877903,0.995850622406639,0.39937407459168184
BEI-UN.TO,BOARDWALK REAL ESTATE INVESTMEN,Real Estate,3292586496,63.36,69.62637,13.480852,0.6270784,5.1656604,18.38,1.41,0.03326529830972131,0.011820001,0.02546,0.65559,0.53419995,0.09038,80.698,0.362,0.009,,2.7,0.1733,5.32,0.4296109859511419,0.43666067249945245,0.2095435684647303,0.39906826362008885
EMP-A.TO,EMPIRE COMPANY LIMITED,Consumer Defensive,10634298368,46.92,70.02985,13.115414,2.1737318,0.3338031,7.736,2.07,0.10797138619460635,0.03845,0.04823,0.27306,0.03803,0.0049900003,156.707,0.801,0.023,,1.88,0.02884,5.12,0.5243334012096196,0.2751466841880785,0.25311203319502074,0.39643484504989035
SOBO.TO,SOUTH BOW CORPORATION,Energy,10689961984,51.25,18.501804,18.848396,2.869023,5.4016986,16.615,,0.02585135629234432,0.16043,0.03937,0.48257,0.32587,0.21324,217.061,1.508,-0.014,-0.12,5.32,0.00082,7.54,0.37547102658213766,0.5131842860601029,0.17126809027426373,0.39304022695324436
CLS.TO,CELESTICA INC,Technology,56892137472,494.83,43.674316,23.951353,19.716066,4.125818,41.626,1.0,0.01136998110359906,0.52454,0.10663,0.12019,0.066199996,0.069520004,44.881,1.259,0.528,1.473,,0.0110599995,2.09,0.24163350066858838,0.4256319811875367,0.8178524440846068,0.39246581036262307
SDE.TO,SPARTAN DELTA CORP,Energy,2850961920,14.07,45.387096,14.65625,4.3493047,6.7107353,12.62,,-0.05654060788016418,0.10204001,0.04779,0.65346,-0.10083,0.14487,39.96,0.584,0.669,,,0.11226,9.27,0.2949059059059059,0.3349529112056345,0.8506224066390041,0.3922798328707756
WMT.NE,WALMART CDR (CAD HEDGED),Consumer Defensive,1448514289664,55.12,44.096,,3.3184946,2.0602968,10.526,,0.00716095823839341,0.23661,0.06539,0.24906999,0.0373,0.03259,66.747,0.803,0.058,0.352,0.83,,2.24,0.4092425759092426,0.32466772717317377,0.4648264345713996,0.3879789576509421
MAL.TO,MAGELLAN AERO,Industrials,1532001920,26.84,33.97468,16.670807,1.8179356,1.4332697,12.897,2.21,0.004805721783951811,0.054279998,0.04358,0.14191,0.081499994,0.042179998,11.414,2.511,0.093,0.53,0.75,0.79388,1.04,0.47139086594252283,0.19221392260607947,0.5449246027729987,0.3847089962993391
KEL.TO,KELT EXPLORATION LTD,Energy,2021980032,10.0,45.454544,12.195122,1.7599436,4.1015124,7.968,,-0.03410969787460295,0.04006,0.02866,0.55692,0.02903,0.0908,12.86,0.524,0.204,-0.963,,0.15871,3.46,0.5091903014125236,0.22651612085163284,0.3326788786560065,0.38377762480273425
TRI.TO,THOMSON REUTERS CORPORATION,Industrials,49791619072,114.06,23.962183,16.552094,3.1206338,6.4976664,23.964,6.23,0.033697939036160855,0.12734,0.06939,0.39462003,0.30331,0.19927,22.85,0.604,0.098,0.056,3.13,0.69415003,2.4,0.2713984082941198,0.5234348883586356,0.4185861754883109,0.381689341395829
FSV.TO,FIRSTSERVICE CORPORATION,Real Estate,8209583104,178.54,36.66119,19.248674,4.3048754,1.4755455,18.401,,0.042094325573197824,0.112349994,0.05085,0.33565,0.03657,0.029159999,71.663,1.742,0.053,6.264,0.93,0.08948,4.85,0.3426310755199644,0.30913476501711795,0.6596397125796984,0.37845866240292825
TIH.TO,TOROMONT IND,Industrials,18254534656,223.89,35.594593,27.076677,5.439504,3.4176285,17.678,1.32,0.030511479722488084,0.16271,0.083620004,0.26135,0.11647,0.09639,25.188,3.166,0.127,0.242,0.96,0.00067000004,4.63,0.2903151348229321,0.4384646862860371,0.5310494889181256,0.3782776309492979
LB.TO,LAURENTIAN BANK,Financial Services,1800910080,40.28,26.853333,12.793515,0.66703093,1.9506688,,1.88,0.0,0.02841,0.00164,0.0,0.1229,0.08748999,,,0.003,,4.67,0.00082,8.02,0.5952225935208391,0.14660637917718528,0.19294605809128632,0.37786543818612733
FRU.TO,FREEHOLD ROYALTIES LTD.,Energy,2920133376,17.81,32.98148,22.687897,2.93217,9.726872,,,0.050432627910212274,0.08583,0.066300005,0.96096003,0.51509,0.2984,30.446,1.733,-0.145,-0.077,6.06,0.005,7.54,0.2424537037037037,0.666574448709525,0.145137131869244,0.3762984786805722
ATZ.TO,ARITZIA INC,Consumer Cyclical,15990961152,139.59,43.621872,24.65074,11.750989,4.3193736,25.952,,0.027910845618193396,0.311,0.11715,0.44875,0.15425,0.103140004,73.163,1.432,0.326,0.328,,0.00113,7.11,0.1615739072405739,0.5583307397032887,0.6566794858819958,0.3747046353987374
ATD.TO,ALIMENTATION COUCHE-TARD INC,Consumer Cyclical,72044331008,78.46,19.813131,17.636007,3.617949,0.9830142,14.006,1.52,0.029238074315189287,0.1816,0.06449,0.18951,0.09246001,0.03711,75.868,0.948,-0.221,,1.05,0.19079,3.37,0.4830717706010104,0.3585434173669468,0.029045643153526972,0.3713829278519656
FTS.TO,FORTIS INC,Utilities,38312259584,75.25,22.19764,19.426624,1.720708,3.1313658,13.634,2.88,-0.06918151330095143,0.0746,0.02955,0.45509,0.28798,0.14728,133.697,0.486,0.019,-0.012,3.37,0.0020299999,5.01,0.42453680706604685,0.3270567486253761,0.270878453597814,0.36737003359157716
CP.TO,CANADIAN PACIFIC KANSAS CITY LI,Industrials,103865155584,117.0,26.116072,19.876427,2.2481842,6.931738,15.955,2.24,0.018324240090900973,0.08428001,0.04298,0.53851,0.37557,0.27209,51.291,0.672,-0.025,-0.031,0.81,0.00044,3.49,0.3305714862732407,0.48605491579347787,0.2005920453395405,0.36549377046526865
TVK.TO,TERRAVEST INDUSTRIES INC,Energy,2878776064,132.75,40.59633,22.348484,3.9869652,1.7176151,14.684,0.59,0.020366424722364232,0.13008,0.03836,0.25775,0.07725,0.04354,136.046,1.492,0.421,-0.676,0.6,0.25919,6.92,0.40214504117038236,0.28990155733075124,0.41235704888169217,0.36439162298320793
WSP.TO,WSP GLOBAL INC,Industrials,26099152896,193.59,26.374659,14.635751,2.651627,1.4148335,15.537,16.44,0.06542884785589019,0.10462,0.050869998,0.21258,0.09122,0.052270003,87.041,1.189,0.037,-0.028,0.77,0.00055,2.59,0.3964196513416786,0.3494714758331316,0.28949499038558846,0.36394909077027365
PPL.TO,PEMBINA PIPELINE CORPORATION,Energy,39159648256,67.35,25.319548,21.69117,2.5790763,5.15123,16.115,2.2,0.035798966702547085,0.09806,0.04283,0.38727,0.33951,0.22231,82.348,0.833,-0.077,0.002,4.25,0.00042,4.8,0.3315749667796452,0.4656805108874826,0.20039469689302702,0.3588348667343956
PBH.TO,PREMIUM BRANDS HOLDINGS CORPORA,Consumer Defensive,4507437568,86.7,98.52273,11.368807,1.9502866,0.57184297,16.603,,-0.06965155063463321,0.01988,0.03352,0.18507,0.04237,0.00518,163.298,1.281,0.246,-0.034,3.92,0.04812,5.35,0.507108552997442,0.08795575843506127,0.4906841412812469,0.35794141314317945
TPZ.TO,TOPAZ ENERGY CORP,Energy,5131620352,33.15,38.10345,26.733871,3.3573022,33.26281,,,0.0,,,0.96469,0.5265,0.15047,35.875,7.008,0.026,0.222,4.22,0.16906999,8.93,0.1541872427983539,0.6234567901234568,0.3868029551664811,0.353323941217359
RBA.TO,RB GLOBAL INC,Industrials,26160244736,140.42,47.6,20.7796,3.4181046,5.5463023,23.712,0.87,0.02604237899435529,0.07576,0.040510003,0.4642,0.17973,0.09551,72.778,1.138,0.114,0.2,1.21,0.00235,12.47,0.2951786574934723,0.37478530506852953,0.49177208784535975,0.35252999869752544
BN.TO,BROOKFIELD CORPORATION,Financial Services,140223250432,62.68,89.54286,,3.6366181,1.7724426,16.143,1.27,-0.015822981888983973,0.02503,0.02642,0.32272997,0.28922,0.01689,161.473,0.892,0.079,1.588,0.61,0.17362,2.19,0.3694608560105636,0.20223686182291845,0.6366815099686266,0.35101555613859725
PSK.TO,PRAIRIESKY ROYALTY LTD,Energy,8103787520,34.87,40.54651,32.487675,3.19147,18.141455,,,0.032657568988185906,0.078200005,0.054380003,0.99037004,0.63485,0.45310003,9.362,0.831,-0.012,-0.022,3.04,0.00644,6.28,0.15814814814814815,0.6620413597537781,0.21828256249367473,0.3435309343619476
SCR.TO,STRATHCONA RESOURCES LTD,Energy,10388285440,48.49,41.093224,12.884866,2.3919694,2.8167803,,,-0.0019252455196302346,0.04897,0.02434,0.42326,0.15726,0.20174,50.347,0.393,-0.075,-0.811,2.47,0.042740002,2.22,0.45717078189300414,0.2998034604788417,0.058566946665317275,0.34230164411389424
TRP.TO,TC ENERGY CORP.,Energy,97926086656,94.0,27.728613,24.351007,3.9072242,6.327201,17.05,3.36,0.0027290991514733976,0.11328,0.03591,0.6918,0.47501,0.22227,166.505,0.65,0.066,-0.085,3.73,0.00048000002,5.2,0.22365958690520094,0.5137635301033995,0.3079445400263131,0.33783870999273724
CJT.TO,CARGOJET INC.,Industrials,1236971520,82.9,33.836735,18.815294,1.6673036,1.2400717,8.609,,-0.07317265962598718,0.04769,0.03093,0.18697001,0.06832,0.03639,123.575,0.913,0.019,-0.906,1.86,0.023610001,13.07,0.5499333778222667,0.12033578863644223,0.13185406335391156,0.33686232443697484
H.TO,HYDRO ONE LIMITED,Utilities,34565529600,57.6,25.263157,24.19873,2.7314112,3.7243323,16.567,3.49,-0.040672744212777806,0.109230004,0.03691,0.36505002,0.23489,0.14783,147.794,0.536,0.1,0.088,2.45,0.47066003,6.32,0.30405946812866896,0.34088079676314975,0.4300526262524036,0.33584590686929744
CAE.TO,CAE INC,Industrials,11276056576,35.04,29.694918,28.240757,2.181139,2.318888,14.417,1.82,0.042953847627094414,0.07725,0.03743,0.2839,0.13617,0.0773,61.829,0.914,0.023,-0.359,,0.0017,4.81,0.3872447670449619,0.32667346774100586,0.1802145531828762,0.3349902802092644
BIP-UN.TO,BROOKFIELD INFRA PARTNERS LP UN,Utilities,24039997440,52.26,58.066666,28.308712,3.7663052,1.001291,11.741,,-0.0647774631376999,0.0673,0.03317,0.27040002,0.25186002,0.014040001,201.437,0.684,0.169,,4.74,4.0000003e-05,2.46,0.34547592036480923,0.20228585261265,0.6016597510373444,0.3337869712524338
ENB.TO,ENBRIDGE INC,Energy,166244794368,76.13,25.806778,24.099016,2.8592353,2.407635,16.682,5.71,-0.008604780519223,0.10127,0.03171,0.38861,0.14734,0.1,160.133,0.809,0.208,-0.262,5.1,0.00127,4.93,0.3131018619566378,0.29665364088022045,0.40548527476976015,0.32120249650186006
IMO.TO,IMPERIAL OIL,Energy,89590382592,185.26,31.45331,18.093794,3.9383502,1.911547,14.079,5.19,0.03929690658910497,0.12384,0.061950002,0.16709,0.09770001,0.0623,18.533,1.232,-0.004,-0.23,1.88,0.69606,6.41,0.33730123746692947,0.35502184412859794,0.17463313429814797,0.3191032343231962
WCN.TO,WASTE CONNECTIONS INC,Industrials,54718865408,215.36,38.320286,25.345396,4.8015857,5.694324,20.854,1.76,0.01932865106236963,0.13121,0.05472,0.42504,0.1875,0.10973,117.097,0.686,0.064,-0.076,0.88,0.0025600002,3.22,0.22942551295377808,0.44494299777524177,0.31562594879060824,0.3177866980168149
GEI.TO,GIBSON ENERGY INC,Energy,4987789312,28.92,32.49438,18.095358,5.076356,0.46630418,16.28,1.31,0.0027375855606308337,0.1513,0.039890002,0.03758,0.010369999,0.01368,281.883,1.166,0.003,,6.09,0.0037599998,4.73,0.4262462789996903,0.19834065313368146,0.19294605809128632,0.31148427681032664
SHOP.TO,SHOPIFY INC,Technology,178998493184,137.94,99.23741,43.35303,9.6963825,14.475052,80.742,2.41,0.007021008555128642,0.11311,0.0962,0.4797,0.1571,0.10771,1.432,6.196,0.343,,,0.00184,2.59,0.07484016667739864,0.4516489723461401,0.7676348547717843,0.310642451875616
ALA.TO,ALTAGAS LTD.,Energy,16565644288,53.17,32.42073,19.248241,1.8499705,1.3037655,16.749,,-0.015891322753482994,0.054920003,0.02623,0.26586,0.07179,0.040999997,107.502,0.878,0.0,-0.641,2.51,0.00624,4.63,0.4554428873317763,0.15319996311281717,0.11396619775326383,0.29843636041836374
BDT.TO,BIRD CONSTRUCTION INC.,Industrials,3232782336,58.35,64.833336,16.037445,7.4836473,0.9336337,42.964,,0.04796143503798209,0.114989996,0.016,0.10446999,-0.0043599997,0.01427,88.188,1.239,0.092,0.215,1.44,0.029509999,3.13,0.2963598042486931,0.21842111330128758,0.4745572310494889,0.29581087643722054
SES.TO,SECURE WASTE INFRASTRUCTURE COR,Industrials,4824792064,22.13,40.98148,19.769873,6.0746636,3.2688293,13.204,3.32,-0.01694373538084148,0.13706,0.06403,0.28388,0.14883,0.0813,151.351,1.368,0.011,0.0,1.9,0.01388,3.86,0.27625387570806675,0.33541976461366435,0.2683129237931383,0.29577079403778667
BDGI.TO,BADGER INFRASTRUCTURE SOLUTIONS,Industrials,2809563392,83.47,36.291306,21.323286,7.027101,3.258171,22.99,,0.006715367253760117,0.20846,0.06318,0.28601,0.06434,0.065910004,101.897,1.353,0.177,-0.733,0.92,0.0028600001,5.0,0.24378356133911688,0.34907090408179736,0.32656613703066495,0.29305151765278725
MDI.TO,MAJOR DRILLING GRP,Basic Materials,1320719360,16.08,89.33333,19.770573,2.42937,1.5668105,13.543,27.6,0.03584817292297434,0.02625,0.02244,0.15511,-0.07059,0.01684,6.529,2.71,0.149,,,0.00226,14.67,0.3171839710777333,0.14517988265264953,0.5560165975103735,0.29280743409384996
WTE.TO,WESTSHORE TERMINALS INVESTMENT ,Industrials,2449171456,39.65,24.937107,24.17683,3.313832,7.5824804,23.293,,-0.0984658478724325,0.12382,0.0292,0.3445,0.18499,0.28079998,59.65,0.872,-0.376,0.288,3.78,0.47647998,8.1,0.2435417639862084,0.35324088483129873,0.27695577370711466,0.2869485577401259
ARE.TO,AECON GROUP INC,Industrials,3473347072,50.73,92.23636,27.589846,3.2485912,0.6169331,23.846,5.9,0.04948497585674041,0.03568,0.01516,0.08043,-0.00269,0.00625,60.132,1.158,0.184,,1.52,0.0077899997,3.37,0.25919246174606797,0.15618263766411913,0.6348547717842323,0.27948836982311054
HPS-A.TO,"HAMMOND POWER SOLUTIONS INC., C",Industrials,4008268800,336.69,60.994564,29.405241,10.810056,4.167934,36.699,,0.006844538470074661,0.18749,0.10493,0.30009001,0.11043,0.0682,22.176,1.824,0.315,-0.255,0.33,0.052389998,1.95,0.130650984317651,0.4149779253265092,0.453567452686975,0.27860288392614996
TFII.TO,TFI INTERNATIONAL INC,Industrials,15935870976,193.9,39.330627,20.367355,4.2784233,2.025046,19.701,,0.03618819259195287,0.11257,0.04602,0.19894,0.044239998,0.03785,119.569,1.074,-0.008,-0.201,1.31,0.06339,3.53,0.30388822155488826,0.27884116609606807,0.17017508349357352,0.27506478143510393
MDA.TO,MDA SPACE LTD,Industrials,7237251072,52.16,65.2,31.861609,4.8624964,3.4482806,,,0.0,,,1.0,0.1223,0.02244,,,0.002,0.014,,0.02864,2.93,0.19151234567901235,0.38940329218106995,0.26061633437911147,0.27113977525974736
BB.TO,BLACKBERRY LIMITED,Technology,4981521920,8.5,70.833336,30.676296,4.8654537,9.072158,57.949,2.66,0.008784965860393122,0.07258,0.03252,0.76161003,0.17372,0.09689,30.134,2.119,0.101,,,0.0035499998,2.74,0.11030379655623322,0.39643058869638387,0.4854771784232365,0.26672418108533646
CCO.TO,CAMECO CORP,Energy,64454529024,147.99,99.32215,57.20106,9.123921,18.218477,71.994,1.92,0.00969332584475732,0.095979996,0.03568,0.36782002,0.18194,0.18389,14.311,3.078,0.071,0.875,0.16,0.00145,2.59,0.08464542654601133,0.3693847909534184,0.5493522922781094,0.2540102339484185
SIA.TO,SIENNA SENIOR LIVING INC,Healthcare,2353998080,22.18,46.208336,34.123077,2.7174714,2.2502503,21.641,24.62,-0.021210562754579648,0.06115,0.027590001,0.20196,0.08312,0.04338,165.069,0.598,0.176,-0.103,4.22,0.00095,5.52,0.23139598872055012,0.15741605284088944,0.4147353506730088,0.23300391545553767
POU.TO,PARAMOUNT RESOURCES LTD.,Energy,4661523968,32.06,80.15,47.14706,1.7065902,5.1996922,12.334,,-0.1122111591811513,0.01967,0.0055299997,0.49136,0.12874,0.05923,0.893,2.571,-0.198,-0.959,1.87,0.46346,8.9,0.30378967856745637,0.19150211524939195,0.02391458354417569,0.2225077671526417
KEY.TO,KEYERA CORP,Energy,13170536448,57.44,72.708855,18.474977,4.7636423,2.0597374,18.581,1.89,0.030923824675482194,0.06711,0.03237,0.17663999,-0.02947,0.02815,249.097,1.605,-0.261,,3.76,0.00311,10.74,0.2930270767843867,0.18438115987135595,0.024896265560165973,0.2147813841811928
IVN.TO,IVANHOE MINES LTD,Basic Materials,16773013504,11.76,98.00001,20.777239,2.0737915,31.639793,1042.139,,-0.019500907927010036,0.01946,-0.00458,0.20306998,-0.072620004,0.24864,21.705,2.328,1.149,-1.0,,0.4491,4.19,0.1616954732510288,0.16192320549619024,0.46924400364335594,0.20790745909568437
